<?xml version="1.0" encoding="UTF-8" ?>
<?xml-stylesheet type="text/xsl" href="demo.xsl"?>
<TUAS xmlns:xsi="http://www.w3.org/2001/XMLSchema-instance"
      xsi:noNamespaceSchemaLocation="demo.xsd">
    <Branches>
        <City>
            <People>
                <Staff>
                    <name>
                        <first_name>Linda</first_name>
                        <last_name>Nurkkala</last_name>
                        <middle_name>Test</middle_name>
                        <middle_name>Test</middle_name>
                        <middle_name>Test</middle_name>
                    </name>
                    <position>Lecturer</position>
                    <address>Reduit</address>
                    <email>suvi.niemi@students.mu</email>
                </Staff>
                <Student>
                    <name>
                        <first_name>Janne</first_name>
                        <last_name>Pajunen</last_name>
                        <middle_name>Test</middle_name>
                    </name>
                    <group>240S08</group>
                    <address>Flacq</address>
                    <email>janne.pajunen@students.mu</email>
                </Student>
            </People>
            <Studies>
                <Courses>
                    <name>Physics</name>
                    <credits>5</credits>
                    <date>28.08.2013-15.12.2013</date>
                    <instructor>Petteri Ahonen</instructor>
                    <time>14:15-16:00</time>
                    <place>C2025</place>
                </Courses>
                <Research>
                    <topic>Semantic Web</topic>
                    <content>Why is web semantic important?</content>
                </Research>
            </Studies>
            <Others>Work placement opportunities</Others>
        </City>
        <City>
            <People>
                <Staff>
                    <name>
                        <first_name>Maria</first_name>
                        <last_name>Ahtinen</last_name>
                        <middle_name>Test</middle_name>
                    </name>
                    <position>Office staff</position>
                    <address>Surinam</address>
                    <email>maria.ahtinen@turkuamk.fi</email>
                </Staff>
                <Student>
                    <name>
                        <first_name>Suvi</first_name>
                        <last_name>Niemi</last_name>
                        <middle_name>Test</middle_name>
                    </name>
                    <group>NKITIS11</group>
                    <address>Tamarin</address>
                    <email>harri.rahkonen@turkuamk.fi</email>
                </Student>
            </People>
            <Studies>
                <Courses>
                    <name>Project Management</name>
                    <credits>5</credits>
                    <date>09.12.2013-14.04.2014</date>
                    <instructor>Jenni Niemi</instructor>
                    <time>12:15-14:00</time>
                    <place>C2042</place>
                </Courses>
                <Research>
                    <topic>Marketing strategies</topic>
                    <content>Marketing strategies</content>
                </Research>
            </Studies>
            <Others>Activities</Others>
        </City>
        <City>
            <People>
                <Staff>
                    <name>
                        <first_name>Harri</first_name>
                        <last_name>Rahkonen</last_name>
                        <middle_name>Test</middle_name>
                    </name>
                    <position>Study counselor</position>
                    <address>Triolet</address>
                    <email>harri.rahkonen@turkuamk.fi</email>
                </Staff>
                <Student>
                    <name>
                        <first_name>Paula</first_name>
                        <last_name>Suominen</last_name>
                        <middle_name>Test</middle_name>
                    </name>
                    <group>NINFOS11</group>
                    <address>Moka</address>
                    <email>harri.rahkonen@turkuamk.fi</email>
                </Student>
            </People>
            <Studies>
                <Courses>
                    <name>Linux Driver Development</name>
                    <credits>4</credits>
                    <date>22.04.2014-06.06.2014</date>
                    <instructor>Ossi Virtanen</instructor>
                    <time>14:15-16:00</time>
                    <place>C2027</place>
                </Courses>
                <Research>
                    <topic>Cyber crime</topic>
                    <content>cyber crime</content>
                </Research>
            </Studies>
            <Others>Activities</Others>
        </City>
        <City>
            <People>
                <Staff>
                    <name>
                        <first_name>Ari</first_name>
                        <last_name>Huhtinen</last_name>
                        <middle_name>Test</middle_name>
                    </name>
                    <position>Office staff</position>
                    <address>Reduit</address>
                    <email>ari.huhtinen@turkuamk.fi</email>
                </Staff>
                <Student>
                    <name>
                        <first_name>Joonnas</first_name>
                        <last_name>Rantamäki</last_name>
                        <middle_name>Test</middle_name>
                    </name>
                    <group>ALIIBK11</group>
                    <address>Tamarin</address>
                    <email>harri.rahkonen@turkuamk.fi</email>
                </Student>
            </People>
            <Studies>
                <Courses>
                    <name>Accounting and Finance</name>
                    <credits>5</credits>
                    <date>01.01.2014-31.07.2014</date>
                    <instructor>Matti Kempainen</instructor>
                    <time>15:15-17:00</time>
                    <place>B147</place>
                </Courses>
                <Research>
                    <topic>Business Development</topic>
                    <content>Business Development</content>
                </Research>
            </Studies>
            <Others>Activities</Others>
        </City>
    </Branches>
</TUAS>